Temperature_C,Humidity_pct,Weather
10.68300109,41.19575357,drizzle
8.734139782,58.3191074,rain
11.63243631,38.82017527,rain
-8.628975896,54.07447398,rain
39.80821297,72.89990795,rain
27.34105487,49.02323607,rain
1.881883368,65.74232454,rain
-6.894765541,30.80489401,sun
0.963544894,38.81915764,rain
-1.607088038,82.19870131,rain
35.14555907,54.75286566,sun
15.81676357,80.11990203,sun
32.01689761,53.19437064,sun
38.64126926,85.95272556,snow
39.66677192,72.74702581,snow
28.29011469,35.23916969,snow
16.3497895,65.81260731,snow
26.78681109,31.51361442,snow
35.17954764,35.083071,snow
14.60581923,66.64223518,snow
33.02335072,52.60748495,rain
-7.383810969,54.08997344,rain
30.73968441,85.60377943,rain
34.53965433,57.79300985,rain
-5.236300437,58.05429592,rain
-1.733200056,47.97320619,rain
24.31272429,57.86927949,drizzle
3.017950836,49.86821775,rain
14.56832796,41.35017964,rain
-2.409511389,46.83400432,rain
-2.862063146,53.3951721,rain
12.86577948,44.7259115,rain
17.5878202,32.81792254,sun
7.630376828,33.52361068,sun
0.351373257,88.01515668,sun
17.43949491,56.21016081,sun
23.40568084,78.9145056,sun
1.512626785,89.41784602,rain
-2.562659564,30.35659269,rain
8.863085502,71.49254432,rain
6.514283596,42.00601481,rain
38.54553446,40.45083028,rain
-2.015243206,36.06219294,rain
-6.853765398,84.66678017,rain
35.6665646,74.06095593,rain
7.166149705,50.37727256,drizzle
34.45364756,59.57697279,rain
38.38623326,74.04971234,rain
7.106603067,79.17732292,rain
35.09744038,40.22581975,sun
-5.855823754,52.26313782,rain
4.644342013,44.42040499,rain
25.81876556,56.58720205,rain
-0.071982121,57.84436962,sun
19.49970412,30.72690559,rain
23.03489275,61.83627506,rain
28.56415279,34.87164279,snow
8.708564975,85.23464429,sun
39.68529996,36.12414499,snow
38.47474943,46.04406684,snow
-5.378187061,84.47965426,sun
36.97609044,34.396348,rain
30.72841714,64.88170105,sun
-2.584092067,33.05959787,rain
31.73056676,65.33243678,rain
34.88256215,51.26609075,snow
30.70803958,54.76298745,sun
6.926827238,85.18748934,sun
35.45401366,48.50552448,rain
35.20538644,76.33970377,rain
33.33541654,83.38480071,rain
33.31303823,74.84844146,snow
32.77500795,78.27035012,snow
-2.994002146,58.63210533,rain
18.25073612,89.90912122,snow
-8.956553013,80.73161943,rain
15.80199893,51.62227631,snow
20.32075671,65.54468591,rain
-5.129359587,66.58527292,rain
-3.089434138,58.55910059,rain
32.60828834,39.6713564,rain
13.23432107,80.16050747,rain
37.51556044,75.94624315,sun
29.29222243,37.25006398,sun
38.19855791,84.96510097,rain
1.174859018,59.38993865,drizzle
-3.99763725,71.73905344,rain
1.261871974,31.19578807,rain
20.95291805,45.51755185,rain
24.26456868,87.39781381,rain
29.86689896,61.01892777,rain
10.09839464,68.8909953,rain
34.36168343,39.63143166,sun
-8.248509048,58.04193535,rain
0.328006372,82.21373173,sun
15.80875446,34.91319187,snow
18.52254062,82.75321579,rain
-6.095629317,54.08685742,sun
16.94164686,52.75535247,sun
2.689431207,46.1896939,sun
5.415682191,79.80635111,rain
0.322623027,38.27860163,rain
26.46376107,38.67411043,rain
8.353215545,31.26483905,drizzle
24.48272813,35.9923939,sun
7.803269145,76.85895656,rain
15.85404486,56.8098298,rain
30.23386954,54.6647669,rain
7.420745382,72.93178446,rain
13.2349928,71.3666695,rain
-6.231269,78.58548598,rain
-2.923340726,63.3064934,sun
18.71870549,67.43264235,rain
16.6800304,36.73655884,sun
36.56016748,72.45866913,rain
11.95893884,40.42690481,rain
30.18074558,60.32128532,rain
-6.74887206,79.56149043,rain
-2.564242532,88.86662647,drizzle
38.59503895,80.88425542,rain
10.46620506,71.17851293,rain
19.28608973,70.0887321,rain
1.210507425,45.24440608,rain
24.00555762,80.66186045,rain
21.40590492,82.25004758,rain
12.11286412,62.35151021,sun
36.52896112,41.32246802,sun
25.40140851,84.48593654,sun
14.07109551,51.23271098,sun
16.50507554,36.45122266,rain
14.69839701,31.23925298,sun
-2.989654316,65.91771969,sun
10.59118264,48.71721312,sun
-8.370659764,63.08671031,sun
24.36024296,45.71420844,sun
5.763065333,61.44801139,drizzle
-6.905312401,54.60398581,sun
35.44085695,61.55671569,rain
9.942874361,42.80054563,rain
35.69775657,45.00774633,sun
22.80544122,38.27739323,rain
7.499564777,30.36053964,rain
29.51200124,60.66400283,rain
18.36567737,65.59930285,rain
-4.38925548,55.81403932,rain
21.54874078,87.39593013,rain
-0.832961039,84.57543677,sun
-4.457750039,52.62900072,sun
33.04991172,49.89338851,rain
-0.048523451,42.82419982,sun
15.58282785,85.13440739,rain
-7.35183292,39.76742219,rain
34.17542872,69.03050289,rain
14.28877492,39.85559338,rain
-9.103733714,62.95922655,sun
1.928088702,47.2190543,rain
-9.639583416,45.49023335,rain
-6.451858091,38.80300874,sun
22.05823843,79.17350843,rain
38.50072891,49.02279711,rain
-3.487453471,63.79160716,rain
16.84481677,84.02558925,sun
9.887183366,56.35560789,rain
-1.428557518,37.66368255,rain
8.016448504,63.68312494,sun
3.537129078,54.45669196,sun
10.16473734,56.41924582,sun
18.23110442,75.87341165,rain
10.78641767,73.57089565,sun
21.09658766,39.45657019,rain
28.79219728,69.21279042,rain
6.757613231,50.73299996,sun
5.304322031,58.96354481,sun
3.63855462,46.17683848,rain
0.116524771,55.49799019,rain
-3.428836662,70.56687947,drizzle
17.67991482,39.66700867,rain
3.722745251,72.80249036,rain
22.09741373,74.44662237,sun
-2.851690922,37.53787989,rain
3.124136251,44.91053098,rain
24.22070317,50.7826891,rain
28.31139651,36.30520085,rain
2.570531791,78.31148957,rain
5.603809982,46.54356515,rain
-6.352958809,86.18269373,sun
14.28734303,85.1584342,drizzle
38.66574507,83.79197438,sun
10.32365549,41.98481419,sun
3.276437727,67.92462367,rain
-9.715766784,72.06648104,rain
19.4762245,84.45085038,drizzle
19.58685162,32.62039863,fog
24.12480773,67.12579587,drizzle
20.65781819,87.27192379,rain
22.49035163,65.66390297,rain
11.09835441,87.16127133,rain
19.94112633,57.55440797,rain
7.384055524,50.7004151,sun
36.43867689,33.6103547,sun
-4.002277811,86.38576195,sun
24.92022269,77.76942081,rain
36.0301348,68.74334688,sun
35.27750639,82.19860245,rain
38.47694385,72.84314598,rain
19.76863417,78.58070494,sun
3.382441197,52.27838286,sun
17.74667373,67.68483103,drizzle
24.28704737,40.99820347,drizzle
4.467647325,42.25439017,drizzle
34.11811543,50.83515011,sun
19.72245663,33.1639971,sun
31.20688943,48.88935091,sun
11.06533143,39.30518196,drizzle
38.30445618,32.29864367,sun
19.04436125,74.44176232,sun
22.21134742,80.13308123,sun
31.53563109,81.22727673,sun
36.89437074,85.15736795,rain
3.434408409,58.90899895,drizzle
-4.144493169,43.39437867,sun
30.27333347,64.32394104,drizzle
12.67298509,67.3751664,sun
6.015257446,39.59515438,sun
34.56198874,49.96244469,sun
34.70959125,83.56680075,sun
34.59877164,73.5766583,sun
-1.086734943,69.12659104,sun
36.3637605,67.36980539,sun
17.86335682,74.05191542,sun
-3.733749481,80.15085443,drizzle
-2.294969825,52.76076884,drizzle
36.13508402,58.04879698,sun
18.79892503,86.98206705,rain
31.55595188,54.91009985,sun
24.72306895,78.37473213,sun
-5.892244619,39.13285713,sun
39.47396777,54.62465513,sun
-4.623453227,35.48197572,sun
-4.931283475,70.11130381,sun
13.49137024,75.18536473,sun
-5.438359913,54.89915132,sun
14.2037245,73.03498238,sun
8.879097001,49.71254381,sun
0.358068765,44.74400606,sun
26.17800839,61.54669174,sun
11.22735604,36.93146205,sun
30.58616042,83.44651969,sun
4.333173162,81.07135335,sun
38.17044893,59.67359179,sun
20.03355089,81.01007902,sun
12.78764058,67.11861535,sun
0.916293422,40.88806681,rain
-3.492069458,43.50583966,rain
39.17819468,38.76638145,sun
23.78843667,33.32467943,sun
35.9625657,61.46257577,sun
5.282476705,43.8336807,sun
24.75534701,58.84687205,sun
28.33987227,73.41647012,sun
8.452935925,53.45340204,fog
9.570165179,64.20140308,sun
16.21174522,73.04924711,drizzle
16.13838571,58.17824724,drizzle
26.71414539,35.06134192,drizzle
0.797198966,34.46252305,rain
22.78315537,42.12301085,fog
6.180231107,44.15801124,fog
15.15804812,31.48468918,sun
-4.838736044,38.96021821,drizzle
15.6377947,71.32443463,drizzle
18.22980546,61.26423545,rain
-4.63600788,75.20312064,sun
25.92316343,43.98062626,sun
19.1012237,66.20322562,sun
-0.859673147,50.97533502,sun
30.72032293,32.23370388,sun
10.15242799,63.37930107,sun
31.4644661,44.95030716,sun
3.900135231,72.12239372,sun
14.87459067,44.45484796,sun
14.5250213,66.10962808,sun
23.60733462,68.42762649,drizzle
-2.987866189,64.40656586,drizzle
9.9637328,62.24684257,drizzle
3.064299004,86.86180232,rain
-6.609185776,68.62681408,rain
27.08457413,51.32054764,rain
12.5670514,36.02229393,rain
28.86325244,37.04110677,sun
2.016325879,57.28071298,sun
-0.866719562,78.54892593,rain
-9.455088862,64.66914603,rain
36.72421838,49.80766168,rain
-9.259420361,83.86576733,rain
-8.351635085,81.36815415,rain
1.105839997,75.35374203,rain
3.656623893,36.76898368,rain
-9.359910213,75.70621966,sun
22.92993152,82.3514676,rain
14.1423936,46.99437317,rain
34.88814758,68.84872502,rain
35.26814276,31.44227833,rain
17.19970718,71.42930031,rain
-1.803073046,48.80580452,rain
4.793756779,80.15718707,rain
20.03950893,34.24991735,rain
33.19310409,79.97963953,rain
37.51561486,59.17930318,rain
2.404650357,42.33835061,rain
26.90236132,53.05943199,rain
19.43649361,57.53491767,rain
23.0616929,78.22408822,rain
27.81934145,69.98667789,rain
22.20165258,31.11014299,sun
3.958893006,75.76921625,rain
0.345471355,40.74916634,rain
29.61923105,80.29775045,rain
0.898928854,73.77539183,rain
26.70021655,75.11137056,drizzle
7.436049056,48.76769422,rain
23.03992804,44.49542333,rain
7.091312047,41.4393551,rain
-5.823939883,53.87824748,rain
19.69293088,71.90684621,rain
39.39756057,80.46337213,rain
23.91108781,39.01684966,rain
11.95711532,64.37948506,rain
4.828519749,51.19174566,rain
14.30821998,31.51264105,drizzle
19.19909283,77.77445139,fog
2.256867782,63.33288053,sun
33.34239115,45.81669659,rain
-3.533878493,51.69882163,rain
-5.272652471,31.22139086,rain
-7.65992926,53.0665202,rain
26.65300591,41.25911506,rain
15.18368168,41.2052678,rain
6.075480656,86.33050481,rain
-6.491211764,48.22688862,rain
-5.653848185,64.34855767,rain
31.66402117,30.17750496,rain
1.856291752,43.44120298,sun
-1.570443475,52.1959182,rain
33.64926353,68.23588298,rain
19.59012227,70.99790932,rain
22.81527719,65.97451447,rain
0.561789641,75.57792127,rain
27.67445084,47.45430828,rain
25.22286697,45.19045871,snow
-4.422435191,84.86055018,snow
20.75840489,85.51948684,rain
39.41423021,85.08841508,snow
16.2943389,62.80676039,snow
-1.74144356,62.90766888,rain
-3.532311408,82.78428328,rain
6.767254871,70.67267866,rain
-0.176267239,65.46355507,rain
9.767903676,50.7586919,rain
30.69315562,79.25780474,snow
0.569016348,33.3422706,rain
-7.329461886,58.08005279,rain
1.194147778,76.44453192,rain
-5.08489527,57.15366697,rain
4.140898153,56.80719034,drizzle
38.2841252,84.57072804,drizzle
19.31359988,33.04368374,sun
1.153667151,80.61860418,sun
12.41593436,72.51487328,rain
-6.779561674,55.00419643,rain
11.19225701,76.36308452,rain
7.445967016,85.50844377,rain
21.18329104,47.20353748,rain
26.41875788,87.33757298,rain
18.75835428,54.18464185,rain
9.814952334,69.24506269,snow
15.54668457,60.17405511,drizzle
31.3261004,74.49908669,sun
34.36641817,60.95873391,sun
39.14022955,74.30882059,sun
17.64470838,56.07988614,sun
0.57548647,35.20183814,drizzle
27.40666063,37.19434685,drizzle
39.68121592,47.453402,drizzle
25.13993269,51.95716978,drizzle
24.48986295,68.03878459,drizzle
17.28532989,45.12768204,drizzle
27.47017879,89.62423377,drizzle
4.048501326,49.34994715,rain
-7.01270805,76.09849297,rain
35.45539002,44.58145262,rain
-6.329468125,35.18551899,rain
35.37684815,55.65057657,rain
23.05915334,72.87212781,rain
19.94663525,84.80595838,rain
30.15550303,50.49939614,rain
32.78678784,59.48441068,rain
30.55176689,45.73128321,rain
-6.395477926,43.66530409,drizzle
24.4173742,46.77136474,rain
-5.324661661,42.79666009,rain
16.23504129,66.87957272,rain
13.6949522,30.48920392,rain
4.492666399,88.22557784,rain
26.79886616,84.42307312,sun
12.29535081,72.80382733,rain
12.81610961,46.81409817,drizzle
19.62294403,80.30926614,rain
36.87297509,80.77689878,rain
5.909316023,48.32355617,rain
8.081845866,49.46166737,rain
24.25514428,41.57104347,drizzle
33.901624,76.87841328,rain
20.04791132,34.63054506,rain
9.020043746,54.37361867,rain
27.20024887,45.60882082,sun
34.59949301,65.83355379,rain
8.700836917,48.7109238,rain
13.76344363,79.86085868,rain
37.67891459,53.31508905,rain
38.58955869,53.14976528,rain
-8.66910957,30.41402695,rain
27.59043949,53.05509017,rain
26.30826746,70.33784811,rain
-4.144661209,62.68913807,rain
12.51725042,77.85114556,rain
0.324928078,39.14284953,rain
33.36025893,51.51027984,sun
6.276120511,72.25995963,sun
1.337472924,44.69736819,rain
32.57837721,41.13171541,rain
-9.242331698,78.61180774,rain
-0.683842128,71.39683652,drizzle
3.74021594,53.23680356,fog
19.06990892,32.06301479,rain
-9.225908666,63.98116641,rain
19.41769425,81.50629229,rain
26.53607957,30.53797835,rain
19.39327253,89.99734569,rain
-6.544617975,42.73958121,rain
32.8172681,34.01198899,rain
27.79086985,86.11719141,sun
37.09265446,36.1097418,rain
27.52097199,65.26460361,rain
25.64114818,45.89163341,rain
11.75819858,44.85658177,snow
27.86993068,89.73319867,sun
10.73063898,87.10670275,sun
30.01689008,44.47590559,sun
25.35661779,65.65013962,sun
-4.506301783,64.03124295,sun
-3.219233901,48.54105709,rain
23.24850932,73.93337356,rain
37.46525962,30.77343521,rain
-8.243754886,30.78227799,drizzle
22.39394664,30.81734849,sun
-6.686624451,74.8009639,sun
-3.675928891,71.3597502,sun
34.39268673,61.17744694,sun
35.51882191,51.86059425,rain
18.79094241,45.66811257,rain
-7.010926333,37.28708025,rain
25.16540659,79.42113466,rain
-0.281633875,87.96016186,rain
-9.160677962,34.6641727,sun
-7.302394982,77.58597405,rain
-4.74406232,66.56029071,rain
-8.859221023,73.22971768,rain
11.7394231,51.26321274,rain
15.99178238,44.41240713,rain
18.09352689,85.75060734,fog
12.331202,84.15196402,rain
-7.747449588,60.1741944,drizzle
8.143543197,49.93330427,rain
27.92838915,34.58547836,rain
6.450084895,86.77599811,sun
17.81108058,80.09081993,rain
5.226000982,48.09010321,sun
37.99282505,80.86525263,sun
32.5063187,70.58922132,sun
28.26735369,60.97425312,sun
-1.386265681,44.03392281,fog
2.627913042,79.5357403,sun
0.085223737,89.7064784,rain
21.3918991,65.71308784,rain
11.50065414,78.01662125,sun
16.22266728,52.67806206,sun
-7.194490555,61.28318188,sun
22.65658191,68.20362337,sun
12.28206082,85.02937218,sun
25.18812276,71.44096239,sun
37.72028713,71.75603203,sun
39.82083858,51.07881757,sun
-12.66303515,60.23423806,sun
6.703469278,41.33454652,sun
0.632827394,57.25455102,sun
26.09259441,66.26346025,sun
34.52552064,60.27648892,rain
38.26350751,59.68486388,rain
18.27972761,43.42910499,sun
25.67369775,63.89027048,rain
23.07876771,36.06732777,fog
-5.826538731,41.89910896,rain
14.02840574,60.44526523,sun
13.60813549,78.62918504,sun
8.600570776,41.81990136,sun
0.0454779,71.23029198,rain
32.0114859,58.01947756,rain
25.15382525,32.03337496,rain
20.23499177,89.96560383,rain
23.04434475,51.77061004,sun
34.28956995,30.63452539,rain
4.021776116,73.23470493,rain
2.531874409,42.28124886,rain
30.40547306,64.56425666,rain
5.378478602,84.49687189,sun
-7.710972146,63.84863873,sun
-2.819713037,50.4360563,sun
-2.156783762,85.04560491,rain
38.42711664,35.72163712,sun
35.09283855,34.59464207,sun
38.38424639,69.75428087,sun
35.06493006,89.69434544,sun
19.3913085,45.01095335,sun
36.68900543,43.94342696,sun
-4.273204774,76.02341934,sun
34.83899819,77.57344226,sun
5.400184424,48.34088847,sun
-10.93674271,89.07310268,rain
8.876093746,55.461336,sun
15.56623092,71.62146385,sun
16.69454949,64.67743098,sun
25.10639857,60.39456761,sun
14.36999804,65.65932482,sun
20.61034468,59.10885705,rain
29.26632153,52.12454321,sun
36.60229304,44.1429611,rain
21.7518833,40.60141084,rain
23.21606197,47.44273634,sun
2.012905999,88.91115979,rain
38.58184544,68.50127409,rain
-9.275567883,55.29043478,rain
14.90489111,67.59846243,rain
29.93484571,40.2926581,rain
20.15976067,87.64379941,sun
20.82198713,77.77465811,sun
29.36272911,47.70201476,sun
28.81793375,58.14057847,sun
5.321843682,37.0528854,sun
-9.192125416,83.28952916,sun
-9.375238188,69.32666907,fog
10.01129142,36.32743695,sun
13.97477936,30.39176396,sun
20.73906767,71.5787119,sun
7.172242127,41.60109293,sun
23.73352016,67.79094408,sun
20.32274316,46.61189326,sun
36.34150466,55.88170185,sun
-7.058539182,76.33276787,sun
38.50762297,54.28156061,sun
-2.449600723,69.13210746,sun
-4.482007334,65.08763875,sun
35.11153091,76.41535821,sun
37.06804069,50.05373477,sun
16.32440597,63.23977702,sun
1.719748421,82.27254083,sun
16.35074368,84.37126108,sun
6.006458148,73.8753003,sun
-2.125487514,80.5345252,fog
18.427036,88.75140674,sun
27.42067844,31.83896907,sun
34.47901557,62.98081134,sun
2.649729517,73.92072359,sun
19.6284249,67.83558183,sun
13.50270989,81.61621826,fog
-3.653726805,71.95097835,sun
39.0794269,49.94275193,sun
30.82837416,85.78526683,sun
7.198539317,47.96483255,sun
1.715100844,63.81522308,rain
39.81936843,74.8413058,fog
4.732212923,88.39551863,sun
6.031188689,40.39662633,sun
22.74835377,41.17585999,sun
28.87531628,37.63369485,sun
-4.337401327,57.44481914,sun
36.34436936,60.22287529,sun
30.18723375,30.27400522,rain
29.71210613,31.75655136,sun
24.94464497,78.84333423,sun
15.20733855,48.79831881,sun
32.80311897,44.75166828,rain
-3.577256871,56.16243672,rain
3.68387431,77.77440748,fog
33.06279395,81.05774409,sun
-5.759765038,38.49966439,sun
11.49314352,60.39324392,sun
-0.535915116,74.20393338,sun
-4.463274632,81.95319812,sun
39.63299927,85.86263375,sun
26.01882363,75.93510481,sun
27.09787348,52.14429217,sun
-6.652105044,39.66212438,rain
-8.776301784,53.26831761,rain
18.39650119,86.64538528,rain
37.99857236,43.91549267,rain
14.36354908,78.34741517,rain
20.52791188,49.01409438,sun
5.904658774,73.83775136,sun
5.045499577,53.77537667,sun
36.63803928,37.2932726,sun
16.29692551,32.00323597,rain
8.765651116,58.1848138,rain
-5.131617989,45.83747667,rain
16.65384901,85.92968281,rain
1.482513944,67.50776021,sun
-5.768762825,80.34526459,fog
-1.863888674,36.58939755,sun
-7.96722507,51.53623824,sun
30.22592343,84.98116837,sun
-0.675928375,48.1751819,sun
24.89072714,64.04810037,sun
36.30431314,70.35313003,fog
11.1656714,43.2839389,rain
2.49521118,83.66635407,rain
-2.302452356,56.48480224,sun
29.73141469,87.81592415,sun
5.179459866,69.68941612,sun
37.78781092,50.145976,rain
18.59962089,63.16778859,sun
4.79324655,63.54488133,rain
8.328228604,32.81074704,rain
2.676038439,79.38951546,sun
34.55089931,51.11219231,rain
25.8305308,57.03616261,sun
-2.172219364,33.53948047,rain
24.02728138,52.20688643,rain
18.98250432,34.81415521,rain
6.133994878,87.11915,rain
4.086807242,51.59611671,rain
6.017852236,40.0762016,rain
11.22624854,76.14079099,rain
18.59303426,35.2452142,sun
-7.460562589,42.70232228,sun
8.985894663,68.502074,rain
18.76196337,64.5800152,rain
8.637144762,68.30294949,rain
39.17182928,58.5260412,sun
4.396209673,74.71830334,rain
32.924339,66.33449025,rain
11.87687082,76.37373021,rain
-4.076049141,89.99113582,fog
13.20027956,32.31969667,sun
16.84681715,37.29721052,sun
-1.446318915,31.50513442,fog
17.39801796,88.45486424,fog
39.09928828,51.44070725,sun
36.56871728,69.31632149,sun
7.420102089,79.40851945,sun
21.49451802,70.1087661,sun
8.338365642,45.40817103,sun
35.7688557,47.4860946,sun
9.317101102,42.23747341,sun
32.43553747,34.72188878,sun
14.49031078,31.9659629,sun
-2.844248644,83.36974867,rain
-9.413840381,37.86641023,sun
25.15035123,62.11277012,sun
10.58153505,50.48873851,rain
0.833518465,77.16131065,rain
7.610247863,40.94070611,rain
-9.566472556,56.73654012,rain
10.5431841,44.23391021,rain
39.70433793,69.00388597,drizzle
4.380012997,61.67920792,rain
-7.676781271,34.69534056,rain
22.73836346,88.21891073,rain
16.36663387,66.59425429,sun
21.94229137,32.99011796,rain
-5.164259675,74.53831867,sun
35.31267149,77.50202037,fog
-1.147602522,62.70343194,rain
27.13102109,72.65208992,sun
11.2989252,43.87374934,rain
28.39951772,64.14943176,rain
25.95995528,33.13873706,sun
29.27058814,60.49403236,rain
22.72763093,69.04916489,rain
24.69272722,46.4904514,rain
15.8410162,30.33998764,sun
30.00026287,86.49736991,sun
11.5782974,69.90279932,sun
1.63192869,73.07161052,sun
5.22405379,46.47799598,fog
-3.086338403,36.28060157,sun
6.987727864,39.23683524,sun
3.797063947,70.55849651,sun
37.885081,59.0436276,sun
-6.077482597,89.20355872,rain
-2.768932938,66.36461838,rain
-9.221547506,64.3898857,rain
20.27590978,56.068806,rain
4.671138022,76.92550056,sun
0.158908294,36.14945943,sun
30.10487367,59.33778081,sun
-8.62752341,30.0432269,sun
21.64027994,31.32461985,sun
3.966680908,75.65304714,sun
20.1430313,86.37325618,sun
-0.277015188,58.24196384,sun
2.676432422,83.02038227,sun
4.210658433,40.00817948,rain
32.26432108,35.55933002,rain
13.93196626,78.11562522,sun
36.58883907,87.52977705,rain
31.51489022,63.52157465,rain
28.66119302,35.41356831,sun
30.98617939,83.72459973,rain
32.65726416,87.01306688,sun
10.9415969,67.35418156,snow
12.43259725,57.42098775,rain
16.44782798,38.90083048,rain
13.5717089,57.22393039,rain
-7.485295501,61.37101543,sun
1.531476955,76.84815208,sun
37.25177759,71.35151726,sun
-5.652297576,85.94285389,rain
-8.069740539,79.60565047,sun
11.65706905,81.51952393,sun
27.68676222,71.37835444,rain
29.95188481,46.73916468,rain
10.20601687,63.53278191,sun
-1.411325323,48.93163476,rain
10.81795214,78.748052,rain
15.42629126,79.82241078,fog
0.235182669,63.14746044,sun
23.52981068,70.91256461,rain
12.24014441,33.70492345,rain
5.200585568,38.05529966,rain
15.86427914,85.16918273,rain
25.56999584,81.44644244,rain
35.95622806,34.93671893,rain
10.88988409,42.47074857,rain
-7.392994327,86.03287721,sun
-4.93122645,55.92942109,sun
34.05659545,64.83019782,sun
19.87295887,76.44446198,sun
9.883919696,39.35727342,sun
4.091447815,89.91103071,sun
-3.813444121,56.42216468,sun
-8.007583831,64.2603201,sun
23.26050034,73.7235096,sun
-6.323144559,55.32845832,rain
38.83276316,52.57628412,fog
1.272690318,84.04362537,sun
5.039078794,36.52578057,sun
0.842834146,55.05582988,sun
1.623626629,89.45979466,sun
-3.386431211,36.04169216,rain
16.52909254,74.98271111,rain
26.44660474,73.16638946,sun
4.760564056,69.53650906,rain
-3.582136644,42.65858184,rain
5.660809892,46.98133604,sun
6.566125773,51.07829184,sun
-2.435240153,52.10942589,sun
22.62644229,50.66741289,sun
9.867318537,48.86064851,sun
34.03556376,87.39569776,sun
-4.422931961,72.78025539,snow
14.77672791,82.27741462,rain
39.50779443,55.02915658,rain
24.4017416,62.6921209,rain
4.683780558,33.27093093,rain
6.612690971,52.02807661,rain
-5.906476941,65.20362736,rain
32.31101141,56.24593094,rain
31.98110959,75.83603695,rain
5.233266345,79.14654211,rain
19.31824094,43.50450012,rain
20.44530449,45.55615301,rain
24.73356219,77.18284614,rain
22.39777947,60.32824833,rain
19.20039397,52.42912129,rain
16.87483851,82.55164565,rain
20.95931149,62.14217485,rain
30.69066008,63.29635156,rain
-4.312915553,76.18418298,sun
21.19987961,86.41527205,sun
6.922218561,60.5328347,sun
-4.418103253,84.05325408,rain
17.1342196,43.59917889,rain
-9.144110769,34.70301097,rain
39.48978984,32.24812037,rain
28.62553849,79.27992743,rain
32.51483374,49.09684972,rain
31.35877014,70.07993677,sun
-8.165024823,51.04430246,rain
30.08869259,78.43804246,rain
27.05468275,53.50020843,rain
27.7553369,83.8183199,fog
29.09752169,59.01928993,fog
24.71235889,40.71023842,rain
8.372272083,38.69515546,rain
29.29342141,73.27924765,rain
-4.100814942,86.42985152,rain
38.89600793,78.03446075,rain
32.15449108,75.53661379,sun
37.84355672,51.98402347,rain
28.52944194,59.36610545,sun
33.16932823,58.59665129,sun
-4.053658458,34.20419996,sun
26.68922305,33.61159394,sun
2.482923571,40.30527578,sun
31.88639993,40.46739274,rain
0.131308645,86.94338478,rain
31.4910664,50.60446816,rain
-1.191735241,81.67870479,rain
-6.092482718,48.99221078,rain
-9.199958071,52.76151412,sun
4.123402911,56.065333,sun
5.324490964,87.86454415,sun
9.131968638,48.38187549,sun
-7.858435171,41.99706074,rain
14.95074367,39.03382687,sun
-7.821762089,38.77554781,rain
10.52671316,70.37642727,sun
20.65506664,80.1394526,sun
14.90281351,63.0488384,rain
21.79587583,54.06167522,sun
34.5628776,76.117075,sun
-4.10380737,47.84057523,sun
36.50406603,39.96902161,sun
7.535744801,49.33762241,sun
27.83268705,89.42030251,sun
24.27315529,32.43877827,rain
24.52609322,46.5109894,rain
0.358194191,36.64453526,rain
34.51366749,30.0895533,sun
30.59119741,33.85168215,rain
-5.846530961,35.02803824,sun
36.99735756,38.86950532,rain
17.11408292,56.35261519,rain
-2.362359303,85.02111437,rain
21.09333976,32.72325406,rain
36.36664341,71.47431282,sun
6.817889726,89.37735996,rain
9.565713,34.55061855,rain
30.97182668,60.86231744,sun
-9.019757469,58.42103779,sun
23.08428301,51.00991375,sun
27.64488217,87.87556338,sun
1.680984959,31.02857579,sun
-1.737009185,40.28700635,rain
-7.309293257,79.69157812,rain
-6.12186863,69.52323927,rain
1.63255909,80.19919652,sun
25.19364698,85.65570119,sun
13.67581179,62.05984392,rain
10.65438662,35.53700692,rain
38.8567933,67.61354549,rain
11.36837324,83.92625336,sun
39.08463658,67.55705305,sun
2.713732303,88.64519999,sun
-0.903117491,73.9347119,sun
-0.710974859,61.17868847,sun
1.928490261,77.22657146,sun
31.11059849,56.05220287,sun
13.60242543,59.6253657,sun
7.72873585,67.45136845,sun
-3.359449577,35.89871315,sun
30.08370515,59.2712479,sun
25.95771208,81.77859899,sun
12.48207899,83.80288982,rain
25.41425704,69.79392298,sun
28.59433677,53.82854923,rain
1.288318733,55.17093667,sun
8.090259952,35.47861057,sun
-8.154074263,66.69910699,sun
25.85921945,33.41069297,sun
6.913311674,42.24464166,sun
22.19852463,49.30226335,sun
18.79578044,58.10405921,sun
25.08616349,76.35066083,sun
36.9732422,88.84865451,sun
7.411299313,48.0795033,sun
25.27983061,73.2601181,sun
14.22572482,32.92945334,sun
37.98778109,31.84898101,sun
17.06779284,74.92567885,sun
-8.303768303,63.75328319,sun
5.642304308,73.30431633,sun
7.856289749,52.91773883,sun
-1.145600744,30.84215898,rain
38.37616807,73.5592798,rain
-9.764396373,79.8549986,sun
5.30246517,86.38397234,rain
19.29666684,47.64766326,rain
-4.383487052,57.36984214,rain
37.65670493,61.68322761,sun
18.4612495,71.92852855,rain
-9.530787885,78.18729953,rain
3.226614875,88.78010575,sun
15.84086077,81.00760513,sun
6.383664864,75.73338369,sun
20.07220457,79.94643128,sun
38.41525139,40.83588547,sun
38.95697128,47.91824993,sun
-7.100982331,61.6223679,rain
33.92607698,42.48215977,rain
-4.883062832,86.82061204,sun
14.59268802,79.44527112,sun
9.204913635,61.8266134,sun
15.71539799,47.50524855,sun
30.17810209,42.70231311,sun
-7.40587883,44.53929494,sun
19.66442038,85.0079799,fog
-2.145865284,51.74803319,sun
29.2294466,49.02856037,fog
9.008456134,33.44089159,sun
5.121385744,71.74656719,sun
14.46178268,82.49921187,fog
33.45163148,62.10936867,sun
12.30493943,40.21963161,sun
-1.142082428,50.81514266,sun
30.38144599,83.13387764,sun
28.38308348,71.38472788,sun
-3.953137039,79.69988543,sun
0.396067075,71.97952249,sun
-2.966919532,55.69092456,sun
-2.65440338,52.035988,fog
13.47876825,31.57280327,sun
11.46978621,66.07440239,sun
-5.887569714,39.02420055,rain
4.183284101,33.22515825,rain
38.7783199,55.80740692,sun
4.309593943,52.01780739,sun
1.394063176,47.48624025,sun
22.03728713,70.54360982,sun
4.612185352,62.31351841,sun
29.95947442,87.10364199,sun
3.040079576,51.91375549,sun
5.453734269,78.68349256,sun
3.885181571,59.49731605,sun
20.08034786,51.89499662,rain
-4.022597726,82.40265163,sun
12.27542363,39.26071241,sun
0.522784031,44.98481395,sun
26.38393271,46.30723881,fog
7.082478274,53.269316,fog
-0.047764722,48.12770967,sun
-9.563512284,86.45132052,sun
38.6633743,69.22613622,sun
4.390421589,38.78533343,rain
21.92137105,88.91903895,rain
-7.390042775,57.10133224,rain
30.38570552,36.99362632,sun
37.78653236,66.21753835,rain
36.78655965,86.07551188,sun
3.720839322,68.90813299,sun
10.99663068,71.57069065,sun
31.93929111,51.57525547,sun
14.42105153,46.5643991,sun
33.35600743,72.49036847,sun
25.96238074,42.96108567,sun
-0.957447408,82.0037648,sun
25.27034282,40.57541565,sun
23.30754042,59.71406008,sun
-8.765854264,71.20182204,sun
6.667009592,61.55625977,sun
9.878507576,71.99528079,sun
38.69345694,84.56223551,sun
0.042323234,32.2009946,rain
4.854669759,78.87282945,rain
30.5159277,48.17808035,sun
30.07693964,61.25261341,rain
-6.03166448,88.11052887,sun
4.353031886,55.92217351,fog
20.35024478,67.42137954,fog
35.72491054,66.65103356,sun
19.12268189,89.87159658,sun
9.090191925,30.328339,sun
9.895684095,82.5700068,sun
12.60717266,37.51380166,sun
2.673471233,85.39805251,sun
31.84619308,64.54709655,sun
16.66304105,46.91291288,sun
19.79282802,34.35192694,sun
-0.854876342,45.9394183,sun
19.10645682,79.95406854,sun
0.442066299,81.63212038,rain
4.277028554,78.71765175,rain
-2.878279093,42.79901012,sun
26.97234202,52.08457036,fog
17.44816222,70.47157205,sun
32.64531592,57.47569307,rain
10.44571547,34.38876211,rain
21.2014694,83.47977733,rain
9.905456246,50.93319881,rain
-8.701987792,30.98284886,rain
17.82455888,41.10292795,fog
18.83714348,32.36447476,fog
-7.340673814,49.84519078,rain
0.540373667,43.66504108,sun
-0.541418393,89.17593058,sun
27.52498062,74.55474783,sun
39.55142415,65.0593322,sun
-4.601308176,47.80937347,sun
36.44887025,44.68051523,fog
-1.666543899,84.45694086,fog
34.14726624,83.43021276,fog
10.36623178,70.02888323,fog
2.455615806,82.38105086,fog
10.95550052,39.60565954,rain
12.0049418,33.5579946,rain
0.057015326,70.97094947,sun
-1.687834325,49.2551967,rain
9.10215106,55.73921632,rain
27.23565189,57.53139724,rain
12.82936713,66.71517761,sun
10.01965831,82.48670176,rain
35.67486479,82.06363146,rain
24.41488304,66.7358388,sun
3.29301026,82.91369731,rain
4.713883298,73.37241558,rain
38.0478754,67.53978598,rain
6.756594138,43.80506129,rain
8.711183895,68.5022494,rain
21.8797961,76.76804948,rain
29.4861575,85.83236697,rain
9.096205357,55.80522309,rain
25.90275922,34.62098978,rain
33.43507462,43.02182604,rain
30.69873192,61.86506122,rain
26.73996592,64.39122278,rain
33.67942208,57.32731087,fog
14.32261153,58.54579195,rain
18.58123667,75.61401941,rain
12.20215636,75.33483532,rain
9.608776135,46.96417408,rain
8.67109819,38.58414775,rain
6.08487065,88.69260863,sun
5.786797825,36.36210348,fog
-1.847307266,85.84448125,rain
9.046662255,57.60724583,sun
9.943664782,78.11310706,sun
21.61943764,41.70896409,sun
32.67901684,85.35587599,sun
20.35946528,71.58338341,sun
26.34840396,35.65472023,sun
23.59576809,76.40247913,sun
14.28941739,85.50379986,sun
23.58263702,68.63920314,sun
19.00781791,59.46570243,sun
38.20208444,68.51348667,rain
36.39108605,64.49947407,rain
36.60485543,30.29119827,rain
-0.384451635,66.21091038,rain
14.72519968,61.95003509,rain
25.99180968,31.36918729,rain
-0.182125993,37.60439766,rain
-3.238912168,64.31205069,rain
-8.184627213,87.51742859,rain
33.30358353,32.90977556,snow
22.85901107,89.25689041,sun
33.38120131,34.73242517,sun
20.24001086,52.11716854,fog
4.860556905,45.62992841,sun
25.65318441,76.12733184,rain
39.4555463,42.93432311,rain
19.960606,37.98104737,rain
25.59902212,76.41806551,sun
21.72383114,67.37319147,rain
7.73970407,32.76006816,rain
30.83423798,38.20194625,rain
-5.840890175,66.30456135,rain
31.97020173,52.35763259,sun
12.8769512,85.40550644,fog
-8.17972542,78.46997355,fog
20.13528505,78.94201506,sun
3.189693341,53.68828927,sun
-7.136355069,71.58565326,rain
5.442415554,61.48498623,rain
13.27479021,51.67033288,rain
0.013972253,76.52183514,rain
-7.332038041,54.34844657,sun
19.96616679,60.82463631,sun
31.12530343,32.74983485,rain
4.654627391,69.38367309,rain
33.93736796,85.22098824,fog
25.57812613,52.58462411,fog
28.27953114,64.53963133,rain
-3.254845776,42.33529565,rain
35.35022926,66.50909739,fog
-2.367530139,69.29338735,sun
36.81667434,43.34848187,sun
-0.50387831,33.09852423,sun
39.16243524,63.78427339,rain
17.45020716,63.31159788,fog
1.726504664,42.85795335,rain
33.80437925,40.54806147,rain
7.356127379,51.81352284,fog
2.491788504,83.60782327,fog
2.241278146,78.23058126,fog
36.93041771,48.14538961,rain
-5.748296734,45.34286789,rain
10.76339495,48.13340872,rain
19.85872029,45.88229644,fog
20.99776042,61.12337084,fog
4.2349565,35.00606454,fog
13.2661847,73.57184851,rain
-3.038792922,49.08719012,fog
37.74341137,43.9115122,rain
12.44972651,62.84832058,rain
21.03314688,68.25814598,rain
35.94313203,56.25231877,fog
26.36294954,56.37065388,fog
-9.540324593,56.78749384,rain
25.86028491,63.90490495,rain
31.81760284,70.77590504,rain
1.752633343,70.80577354,fog
17.18612248,51.97626875,fog
25.6973653,60.45407126,rain
15.71881591,39.40713922,fog
27.36180223,35.01815966,sun
36.37790009,71.12688209,fog
32.30727482,71.02467211,fog
36.22300375,72.48586442,rain
22.43860629,79.27741776,rain
37.10464153,57.04462615,rain
21.52288375,37.28268407,rain
39.18675409,83.92065711,rain
16.35682933,44.25579047,rain
23.33040657,87.82923967,rain
23.67833694,34.17875667,rain
-7.027933346,87.88687527,rain
8.824727162,51.35455634,rain
23.20962818,79.2827192,fog
38.59500854,34.20898881,rain
24.88285441,38.49180729,fog
4.618318166,71.55638663,rain
39.03123585,50.08327634,sun
20.42480264,79.14332804,fog
25.47051002,65.57808274,sun
28.32522582,31.40906125,sun
2.717864301,71.22728087,rain
24.05544746,48.05660984,rain
16.7501205,32.80292129,sun
13.4043472,66.73656365,sun
18.78132286,71.67129028,sun
21.24645663,69.14624092,sun
13.49510319,36.06129972,rain
20.75532772,55.25290454,rain
-0.086209876,72.58618959,rain
32.20624404,64.20766481,sun
29.83567028,55.97693082,sun
7.057078534,34.48120296,sun
33.1412266,47.77933602,sun
11.36590555,43.07955242,sun
15.17972814,79.99458277,sun
22.795251,40.67750277,sun
33.05291656,79.69380898,fog
0.057748148,83.21748587,fog
11.84762643,79.05606267,fog
18.9587177,60.75980395,rain
36.68571322,44.23641741,rain
-0.915792149,62.16792495,sun
10.51866112,42.00214356,rain
3.748799285,56.93100096,rain
-2.797898153,75.70437324,rain
26.67124106,40.59496323,rain
12.27089425,87.69495653,rain
11.8714277,83.6193145,sun
0.406999398,63.0062735,sun
19.30973219,85.9506891,rain
39.64270035,45.40754929,rain
5.592849557,37.63744765,rain
27.52466554,70.61830145,rain
22.1133244,63.02991888,rain
38.86092014,61.55144917,rain
14.93940668,79.40916086,sun
-2.728749467,56.05203655,rain
16.04105297,64.38988989,sun
-7.254394856,65.69434801,sun
5.412591887,38.89722504,rain
17.08471302,41.27373954,rain
31.86180106,80.30882219,rain
34.28702097,81.96560011,sun
-1.700309406,63.51370042,rain
23.50051858,46.73307854,sun
13.86865698,79.94029234,sun
-6.323157598,39.64861007,rain
-3.527347903,54.84649091,rain
-3.47743645,43.30080445,sun
7.710456698,58.56879595,sun
8.803149689,44.83400976,rain
-6.113608323,44.72301648,sun
23.51933612,68.80565367,sun
22.28673924,38.04926461,rain
25.09920819,49.35868987,rain
13.72615188,87.81268603,sun
31.31077912,89.33068828,sun
3.228341019,58.9121856,sun
30.13746516,54.25177184,sun
27.68190669,75.66235164,sun
-2.178368635,61.97975538,sun
15.2575669,39.14014414,rain
5.119296573,70.66570704,sun
11.70235502,64.61732429,rain
39.57241505,88.11652736,rain
11.87647592,56.43970228,rain
1.508903252,86.47478384,fog
19.52608457,59.6464386,rain
-2.622575185,87.53601848,rain
29.08577677,37.82274115,sun
26.2582399,82.23649871,sun
-6.511264643,48.80508768,sun
-1.198736315,51.03165117,sun
35.90355324,84.28496752,sun
10.19964828,52.92611041,sun
11.62708691,53.55333908,rain
1.052763055,44.49118314,fog
0.568322141,54.68687367,sun
-0.125402168,31.76526258,sun
21.74224256,53.18355818,sun
8.782464402,40.1800316,sun
16.22373788,67.66813637,fog
2.681150463,42.89993527,rain
9.896050542,87.67802652,rain
35.7822314,50.9168357,rain
31.82174284,31.51917626,fog
31.81372151,52.83850776,sun
35.15278225,72.04551066,sun
12.11743094,84.70065688,sun
21.54780488,30.07528109,sun
9.561222815,56.81406351,fog
7.945105176,64.31214338,sun
38.70218831,55.77905477,sun
9.303932509,68.08467323,sun
23.47802397,78.08581434,sun
24.53176455,41.9259309,sun
29.60247918,31.01504409,sun
26.09551804,65.52414573,sun
14.2510556,49.3034552,sun
39.62575184,51.09266577,sun
-0.156599216,76.94438893,sun
35.00511221,73.21732357,sun
3.102416218,85.97228145,rain
24.42083851,43.77452978,rain
39.15914757,83.88610808,sun
9.311651178,72.18364575,sun
8.8130191,65.70236007,sun
-1.475378672,35.99730311,sun
39.97706038,62.58318277,sun
15.48562982,32.91883679,sun
24.8535016,52.68349002,sun
20.7041045,59.39577302,sun
7.654667097,83.96762403,sun
-9.684014312,74.27406901,sun
13.47549328,70.32909993,sun
11.30555325,56.33191237,sun
29.75094095,77.53721492,drizzle
26.78877529,74.46396165,sun
-8.770256464,71.37735844,sun
-7.124807302,51.21757983,sun
12.42754482,67.51350343,rain
11.07298838,56.91767039,sun
32.69262178,39.72383961,sun
-2.025914907,67.50822078,sun
-5.968870105,66.66857382,sun
31.71663647,78.64558078,sun
27.87894737,49.95403604,sun
32.09465848,30.96176047,sun
26.80681525,63.83437138,sun
30.30885578,78.23564347,rain
22.30299939,57.9660743,sun
4.172860304,56.43851467,fog
8.386507045,76.43784237,sun
37.63591092,65.86176087,sun
21.50557426,60.58890507,sun
6.326115435,49.54395933,sun
29.48383587,77.1075762,sun
10.37944062,75.73106065,drizzle
-3.561398969,77.99490566,sun
0.474100709,42.02391216,drizzle
22.20183585,65.81108714,sun
-9.116250705,83.72705583,sun
28.71763141,55.35169891,sun
10.65723341,75.97526856,sun
34.66193113,59.86317623,sun
5.493666652,68.10568071,sun
35.14133419,60.50363045,sun
22.67695652,40.22491567,sun
38.07404918,84.45179648,sun
3.199182402,57.27945654,sun
-5.704881673,54.01528284,sun
1.054780789,60.24001013,sun
-9.600305596,57.03805227,sun
2.343650672,58.61796024,sun
0.52069349,88.1102374,sun
0.608135719,80.14502741,rain
9.951438408,30.4394904,fog
-6.709816543,77.81854228,rain
22.60501533,76.31378999,fog
8.614758401,72.15691399,sun
24.60755559,68.87832817,sun
-1.398054934,71.15167211,sun
13.73264421,70.34755157,sun
-2.999248768,78.67966344,sun
12.10891194,81.39425555,sun
23.56665207,84.90426924,sun
37.36380011,66.33470306,fog
2.357518055,86.06208631,sun
-1.762184066,46.90079341,sun
15.0257807,40.56693901,sun
19.76520441,78.66121699,fog
37.78068578,36.05848772,sun
-18.51653713,62.07493432,sun
12.34821949,59.02767328,sun
-3.482086638,43.6909129,rain
38.79256843,83.60945518,sun
21.75649516,61.9525606,rain
-1.938804978,45.27680913,sun
26.61288958,42.01694279,sun
39.08325894,41.83962022,sun
10.57090358,77.51422704,sun
11.07469491,83.93182876,drizzle
6.45434389,71.11452594,rain
31.38515708,70.03973293,sun
7.976282201,81.16372121,drizzle
19.8132067,82.40260386,drizzle
10.89932765,30.46950626,sun
-6.852339022,76.12552313,sun
27.57788248,57.23749018,sun
21.76204386,59.60283452,sun
17.8282047,70.50829275,rain
1.006949459,42.51660045,rain
-5.078030687,37.32490603,rain
-9.793471207,64.42107439,sun
-9.084986332,58.77303465,rain
11.17159575,67.0665667,sun
25.76461736,76.09860265,sun
23.90048522,86.44981884,sun
-1.768382482,77.94257718,rain
1.322434099,53.18271162,rain
4.378207461,81.49865096,rain
5.878665402,35.40934284,sun
28.00302993,89.34236406,sun
-4.51630139,67.89484048,fog
2.318688315,83.91826783,sun
-0.992350798,85.51435619,sun
10.92595277,30.66458562,rain
-9.107599966,83.33113341,sun
7.103105425,78.61946845,sun
24.33378459,67.17129665,rain
16.68025289,73.99172281,rain
11.86948633,88.49589263,sun
6.393624257,33.09213604,sun
-9.65755631,79.00814034,rain
30.87883607,70.85336768,fog
10.04023709,76.55060456,sun
9.172024227,73.24095026,sun
6.753928652,66.0328377,fog
29.34440703,38.89595969,rain
24.81144297,75.81817314,sun
-6.747461823,44.58399399,sun
-2.357682466,39.61925971,sun
37.70459739,34.72744146,sun
13.87132171,55.77354452,fog
24.01876117,81.73836253,fog
8.459424574,45.08136558,fog
35.06534844,35.61710565,sun
-15.10055992,30.5742841,sun
38.29799206,84.22927596,sun
-8.576820554,36.75692554,drizzle
32.34537034,73.94062963,rain
6.791316771,63.89132746,fog
30.18390567,63.376907,rain
27.16314799,79.92196962,rain
37.5959865,60.57539524,sun
-3.502403664,77.98561305,rain
29.75799796,49.58862432,rain
18.54977364,83.37558029,fog
26.5492633,83.88407834,fog
27.16698974,31.13165111,sun
28.67898754,44.70135036,rain
-1.481625333,47.54400387,rain
18.6521488,41.25763971,rain
27.65210811,83.37833477,fog
24.52585304,55.84773115,fog
25.09972716,63.03082953,fog
13.59966909,70.63949427,fog
10.80952024,76.82944206,fog
-0.360413319,40.47964688,rain
36.66842427,77.87972026,rain
-6.156842264,80.59716488,fog
37.95634844,56.42719724,rain
34.50715812,75.12198774,rain
13.2923208,39.54569426,rain
5.286343245,60.23017593,rain
30.15114068,35.93383854,rain
21.87889901,51.66018958,rain
21.24736386,69.99569913,rain
27.87466951,52.82335842,sun
26.2006687,37.13842613,rain
11.27567773,88.10327286,fog
28.35965825,45.61375378,rain
8.373542865,65.24406071,rain
29.04003547,56.96448108,rain
17.07792395,67.87429618,rain
37.83672854,70.60941325,rain
14.54864198,66.74026888,rain
10.58545318,48.00724536,rain
7.347916513,31.07148771,rain
33.21823274,81.92918805,rain
2.213478527,46.59199611,rain
26.01939724,40.83123297,rain
12.02949091,59.52349955,rain
2.236786236,79.55299245,rain
12.08505357,72.28746709,fog
22.23116162,74.5664474,sun
22.47830324,88.76019088,fog
18.84251977,34.19509879,rain
26.55353421,33.83542348,rain
-3.239954608,43.29228377,sun
25.63586359,62.42105401,sun
-4.487892295,55.09079034,sun
16.13019972,57.1270198,sun
-9.222681699,67.12016518,fog
-2.293125744,88.69554777,rain
6.292924026,35.43669502,rain
15.99814108,40.50515013,rain
5.680484238,64.02579384,rain
5.530641681,73.64567513,rain
4.051202243,40.79370778,rain
31.55860319,62.20663382,rain
-8.065746634,69.090271,rain
17.39600095,44.61965355,rain
21.6318088,66.25765765,rain
5.014758954,56.72387048,rain
23.22813624,32.49082717,rain
-8.132587098,82.27875668,rain
16.07612262,83.98061329,rain
16.23086151,57.43002659,sun
29.94042026,86.90959975,rain
11.24006049,39.28947973,rain
26.8741744,38.03201675,rain
32.53031558,69.49329798,rain
-4.551140723,66.84233987,fog
-5.103245897,36.09643716,rain
31.51658365,61.58605769,rain
31.24113416,86.12445521,rain
0.623714351,41.67158374,rain
-1.965457457,31.09684001,rain
-1.070293518,48.7701135,rain
-2.595938346,75.10137677,sun
36.9753619,83.95701977,rain
32.90303324,54.87840307,rain
0.932663503,53.65734149,fog
33.79602988,57.72862927,sun
-7.125654745,76.71847201,sun
